comment,clean_comment,sentiment,score
"<a href=""https://www.youtube.com/watch?v=DzwkcbTQ7ZE&amp;t=172"">2:52</a>",,Neutral,0
Linda demais esse música ❤💥,linda demais esse msica ,Neutral,0
Mak kerumah yah?,mak kerumah yah,Neutral,0
❤❤,,Neutral,0
is it just me or it lowkey sounds like halo by beyonce,is it just me or it lowkey sounds like halo by beyonce,Neutral,0
Peraturan,peraturan,Neutral,0
Sender,sender,Neutral,0
Whoevers reading this Jesus bless you 😊😊😊😊😊✝️❤️,whoevers reading this jesus bless you ,Neutral,0
Flashlight fans here,flashlight fans here,Neutral,0
I miss this song 😢😢,i miss this song ,Neutral,0
🔥,,Neutral,0
Ai sẽ có mặt ở đây vào năm 2026? ❤❤,ai s c mt  y vo nm  ,Neutral,0
❤❤❤❤wandinha xpatick,wandinha xpatick,Neutral,0
Patrick x wandinha..<br>Love this song ....xxxxx,patrick x wandinhalove this song xxxxx,Neutral,0
Patrick x wandinha ❤❤❤❤❤❤❤❤,patrick x wandinha ,Neutral,0
I love this song remember my patrick <br>But he die last november <br>He love this song.<br><br>I love so toooo.,i love this song remember my patrick but he die last november he love this songi love so toooo,Neutral,0
sound faforit di masa kcil ❤❤,sound faforit di masa kcil ,Neutral,0
ke sini jdi ingat waktu kcil syuka bgt lagu inggris 🥹🥹,ke sini jdi ingat waktu kcil syuka bgt lagu inggris ,Neutral,0
Que lindo,que lindo,Neutral,0
❤,,Neutral,0
It&#39;s been 10 yrs but these aong still hits hard in April 2026,its been  yrs but these aong still hits hard in april ,Neutral,0
2026 anybody.?, anybody,Neutral,0
Nome do filme,nome do filme,Neutral,0
April 2026 ❤,april  ,Neutral,0
Such a beautiful and emotional song,such a beautiful and emotional song,Neutral,0
April 16 2026 anyone’s,april   anyones,Neutral,0
So this song was Jessie&#39;s,so this song was jessies,Neutral,0
รักมาก,,Neutral,0
"<a href=""https://www.youtube.com/watch?v=BwzjJiEoALw"">https://www.youtube.com/watch?v=BwzjJiEoALw</a>",,Neutral,0
2026. Từ tiktok qua, t tiktok qua,Neutral,0
"When tomorrow comes, I&#39;ll be on my own<br>Feeling frightened of the things that I don&#39;t know<br>When tomorrow comes, tomorrow comes<br>Tomorrow comes<br>And though the road is long, I look up to the sky<br>And in the dark I found, lost hope that I won&#39;t fly<br>And I sing along, I sing along<br>And I sing along<br><br>I got all I need when I got you and I<br>I look around me and see a sweet life<br>I&#39;m stuck in the dark, but you&#39;re my flashlight<br>You&#39;re gettin&#39; me, gettin&#39; me through the night<br>Kick-start my heart when you shine it in my eyes<br>Can&#39;t lie, it&#39;s a sweet life<br>I&#39;m stuck in the dark, but you&#39;re my flashlight<br>You&#39;re gettin&#39; me, gettin&#39; me through the night<br><br>&#39;Cause you&#39;re my flashlight (&#39;cause you&#39;re my flashlight)<br>You&#39;re my flashlight (you&#39;re my flashlight)<br>You&#39;re my flashlight, oh<br><br>I see the shadows long beneath the mountain top<br>I&#39;m not afraid when the rain won&#39;t stop<br>&#39;Cause you light the way, you light the way<br>You light the way<br><br>I got all I need when I got you and I<br>I look around me and see a sweet life<br>I&#39;m stuck in the dark, but you&#39;re my flashlight<br>You&#39;re gettin&#39; me, gettin&#39; me through the night<br>Kick-start my heart when you shine it in my eyes<br>Can&#39;t lie, it&#39;s a sweet life<br>I&#39;m stuck in the dark, but you&#39;re my flashlight<br>You&#39;re gettin&#39; me, gettin&#39; me through the night<br><br>Light, light, light, you&#39;re my flashlight<br>Light, light, you&#39;re my flashlight<br>Light, light, light, light, oh (light, light, light, you&#39;re my flashlight)<br>You&#39;re my flashlight, oh-oh (light, light, light)<br><br>I got all I need when I got you and I (oh, I got)<br>I look around me, and see the sweet life (you and I)<br>I&#39;m stuck in the dark, but you&#39;re my flashlight<br>You&#39;re gettin&#39; me, gettin&#39; me through the night<br>Kick-start my heart when you shine it in my eyes (shine it in my eyes)<br>Can&#39;t lie, it&#39;s a sweet life<br>I&#39;m stuck in the dark but, you&#39;re my flashlight (you&#39;re my flashlight, whoo)<br>You&#39;re gettin&#39; me, gettin&#39; me through the night<br><br>&#39;Cause you&#39;re my flashlight (yeah, yeah)<br>&#39;Cause you&#39;re my flashlight (flashlight, you&#39;re my flashlight, whoo)<br>You&#39;re my flashlight (oh-whoa)<br>Ooh, ooh, ooh, oh, oh-oh<br><br>You&#39;re my flashlight, light, light<br>You&#39;re my flashlight, light, light, yeah, yeah<br>(Light, light, light, you&#39;re my flashlight, light, light)<br>You&#39;re my flashlight",when tomorrow comes ill be on my ownfeeling frightened of the things that i dont knowwhen tomorrow comes tomorrow comestomorrow comesand though the road is long i look up to the skyand in the dark i found lost hope that i wont flyand i sing along i sing alongand i sing alongi got all i need when i got you and ii look around me and see a sweet lifeim stuck in the dark but youre my flashlightyoure gettin me gettin me through the nightkickstart my heart when you shine it in my eyescant lie its a sweet lifeim stuck in the dark but youre my flashlightyoure gettin me gettin me through the nightcause youre my flashlight cause youre my flashlightyoure my flashlight youre my flashlightyoure my flashlight ohi see the shadows long beneath the mountain topim not afraid when the rain wont stopcause you light the way you light the wayyou light the wayi got all i need when i got you and ii look around me and see a sweet lifeim stuck in the dark but youre my flashlightyoure gettin me gettin me through the nightkickstart my heart when you shine it in my eyescant lie its a sweet lifeim stuck in the dark but youre my flashlightyoure gettin me gettin me through the nightlight light light youre my flashlightlight light youre my flashlightlight light light light oh light light light youre my flashlightyoure my flashlight ohoh light light lighti got all i need when i got you and i oh i goti look around me and see the sweet life you and iim stuck in the dark but youre my flashlightyoure gettin me gettin me through the nightkickstart my heart when you shine it in my eyes shine it in my eyescant lie its a sweet lifeim stuck in the dark but youre my flashlight youre my flashlight whooyoure gettin me gettin me through the nightcause youre my flashlight yeah yeahcause youre my flashlight flashlight youre my flashlight whooyoure my flashlight ohwhoaooh ooh ooh oh ohohyoure my flashlight light lightyoure my flashlight light light yeah yeahlight light light youre my flashlight light lightyoure my flashlight,Neutral,0
2026 anyone??, anyone,Neutral,0
"<a href=""https://www.youtube.com/watch?v=W3GGRdILctE"">https://youtu.be/W3GGRdILctE?si=Dgg7JawbjeTu4nmb</a>",,Neutral,0
Anyone 2026 april ??❤🎉,anyone  april ,Neutral,0
👍,,Neutral,0
I can&#39;t stop listening to this song. 🥰🥰🥰🥰🥰🥰🥰🥰🥰🥰🥰,i cant stop listening to this song ,Neutral,0
Musica linda ❤❤,musica linda ,Neutral,0
🎉🎉🎉🎉🎉❤,,Neutral,0
❤❤❤❤❤,,Neutral,0
Oi,oi,Neutral,0
❤❤❤,,Neutral,0
I happy that you have been given,i happy that you have been given,Neutral,0
Jessie j continua com câncer alguém sabe,jessie j continua com cncer algum sabe,Neutral,0
Mulher bonita hein,mulher bonita hein,Neutral,0
"<a href=""https://www.youtube.com/watch?v=DzwkcbTQ7ZE&amp;t=144"">2:24</a>",,Neutral,0
"Me,❤❤❤❤❤",me,Neutral,0
Anyone here in April 🎉❤,anyone here in april ,Neutral,0
2026❤,,Neutral,0
"<a href=""https://www.youtube.com/watch?v=DzwkcbTQ7ZE&amp;t=68"">1:08</a>      2026 😊",       ,Neutral,0
2026 gather here ❤, gather here ,Neutral,0
Estou tão apaixonada por esta música que se tornou-se um  vício ❤❤❤❤,estou to apaixonada por esta msica que se tornouse um  vcio ,Neutral,0
Subscriber 10 million and like 5 million. it proves quality content,subscriber  million and like  million it proves quality content,Neutral,0
apa disini cuma aku saja di 2026,apa disini cuma aku saja di ,Neutral,0
eu tava louca pra ouvir essa ❤,eu tava louca pra ouvir essa ,Neutral,0
Jessie you are a rocking angel ;-)❤,jessie you are a rocking angel ,Neutral,0
2026 April❤, april,Neutral,0
"<a href=""https://www.youtube.com/watch?v=DzwkcbTQ7ZE&amp;t=131"">2:11</a> you my flashlight 😢❤", you my flashlight ,Neutral,0
Lanterna,lanterna,Neutral,0
ร,,Neutral,0
Nandito Ako dahil sa tnt boys,nandito ako dahil sa tnt boys,Neutral,0
2026 and still hear this song, and still hear this song,Neutral,0
Nice,nice,Neutral,0
Ang galing naman,ang galing naman,Neutral,0
Forever my favsong,forever my favsong,Neutral,0
ไทยค่ะ,,Neutral,0
โอ๋❤สุปราณี❤,,Neutral,0
Dobra nie wezme,dobra nie wezme,Neutral,0
Morello💜,morello,Neutral,0
Smile❤,smile,Neutral,0
rhk,rhk,Neutral,0
Say and fun,say and fun,Neutral,0
Nice,nice,Neutral,0
Jessie J 真的很棒，每次聽都是如此令人感動。,jessie j ,Neutral,0
Me lembrei assistia o kdrama oh my boss no Kwai com esse solinho da música,me lembrei assistia o kdrama oh my boss no kwai com esse solinho da msica,Neutral,0
i love so much this music !!,i love so much this music ,Neutral,0
keingat anak kecil yang nyanyi sambil pake isyarat biar adeknya tahu,keingat anak kecil yang nyanyi sambil pake isyarat biar adeknya tahu,Neutral,0
"When tomorrow comes, I&#39;ll be on my own<br>Feeling frightened of the things that I don&#39;t know<br>When tomorrow comes, tomorrow comes, tomorrow comes.<br>And though the road is long, <br>I look up to the sky,<br> and in the dark I found s&#39;hope that I won&#39;t fly<br>And I sing along, I sing along, then I sing along<br><br>I got all I need when I got you and I<br>I look around me and say sweet life<br>I&#39;m stuck in the dark but you&#39;re my flashlight<br>You&#39;re getting me, getting me through the night<br>Can&#39;t stop my heart when you shine it in my eyes,<br>Can&#39;t lie it&#39;s a sweet life<br>I&#39;m stuck in the dark but you&#39;re my flashlight you&#39;re getting me, getting me through the night <br>Cause you&#39;re my flashlight, you&#39;re my flashlight, you&#39;re my flashlight (ooh)<br><br>I see the shadow&#39;s long beneath the mountain top,<br>I&#39;m not afraid when the rain won&#39;t stop,<br>Cause you light the way, you light the way, you light the way<br><br>I got all I need when I got you and I<br>I look around me and say sweet life<br>I&#39;m stuck in the dark but you&#39;re my flashlight<br>You&#39;re getting me, getting me through the night<br>Can&#39;t stop my heart when you shine it in my eyes,<br>Can&#39;t lie it&#39;s a sweet life<br>I&#39;m stuck in the dark but you&#39;re my flashlight you&#39;re getting me, getting me through the night<br><br>Light light light you&#39;re my flash<br>Light light light you&#39;re my flash<br>Light light light light light <br>Oooh you&#39;re my flash OooohWoah!<br><br>I got all I need when I got you and I<br>I look around me and say sweet life<br>I&#39;m stuck in the dark but you&#39;re my flashlight<br>You&#39;re getting me, getting me through the night<br>Can&#39;t stop my heart when you shine it in my eyes,<br>Can&#39;t lie it&#39;s a sweet life<br>I&#39;m stuck in the dark but you&#39;re my flashlight you&#39;re getting me, getting me through the night<br>Cause you&#39;re my flashlight<br>Cause you&#39;re my flashlight <br>You&#39;re my flashlight <br><br>Woooo woooo woooooo<br>Oooh oh oh<br><br>You&#39;re my flash light light light <br>You&#39;re my flash light light light <br>Yeah yeah<br>You&#39;re my 🔦",when tomorrow comes ill be on my ownfeeling frightened of the things that i dont knowwhen tomorrow comes tomorrow comes tomorrow comesand though the road is long i look up to the sky and in the dark i found shope that i wont flyand i sing along i sing along then i sing alongi got all i need when i got you and ii look around me and say sweet lifeim stuck in the dark but youre my flashlightyoure getting me getting me through the nightcant stop my heart when you shine it in my eyescant lie its a sweet lifeim stuck in the dark but youre my flashlight youre getting me getting me through the night cause youre my flashlight youre my flashlight youre my flashlight oohi see the shadows long beneath the mountain topim not afraid when the rain wont stopcause you light the way you light the way you light the wayi got all i need when i got you and ii look around me and say sweet lifeim stuck in the dark but youre my flashlightyoure getting me getting me through the nightcant stop my heart when you shine it in my eyescant lie its a sweet lifeim stuck in the dark but youre my flashlight youre getting me getting me through the nightlight light light youre my flashlight light light youre my flashlight light light light light oooh youre my flash oooohwoahi got all i need when i got you and ii look around me and say sweet lifeim stuck in the dark but youre my flashlightyoure getting me getting me through the nightcant stop my heart when you shine it in my eyescant lie its a sweet lifeim stuck in the dark but youre my flashlight youre getting me getting me through the nightcause youre my flashlightcause youre my flashlight youre my flashlight woooo woooo woooooooooh oh ohyoure my flash light light light youre my flash light light light yeah yeahyoure my ,Neutral,0
2026 anyone, anyone,Neutral,0
I dedicate this song to my daughter always shes my light always,i dedicate this song to my daughter always shes my light always,Neutral,0
This is my wedding song,this is my wedding song,Neutral,0
2026 anyone ❤🎉, anyone ,Neutral,0
❤❤❤,,Neutral,0
2026 🇧🇷, ,Neutral,0
2026?❤,,Neutral,0
4 de abril 2026, de abril ,Neutral,0
좋은노래네 👍, ,Neutral,0
4 april 2026.., april ,Neutral,0
"Bro, it&#39;s been 10 years 💔",bro its been  years ,Neutral,0
amazing!,amazing,Neutral,0
Flashlight x aisitheru,flashlight x aisitheru,Neutral,0
One of the most beautifully sang songs! Jessie is honestly one of the best female vocals to come out in the past 30 years ❤,one of the most beautifully sang songs jessie is honestly one of the best female vocals to come out in the past  years ,Neutral,0
2026 alguém ❤❤❤, algum ,Neutral,0
Perfect ❤,perfect ,Neutral,0
"My mom  is my flashlight  now  and  always  i love  her so much   <a href=""http://www.youtube.com/results?search_query=%23mama"">#mama</a> baby  4 forever",my mom  is my flashlight  now  and  always  i love  her so much   mama baby   forever,Neutral,0
This song is fantastic I love the film pitch perfect and Jessie J does this song proud,this song is fantastic i love the film pitch perfect and jessie j does this song proud,Neutral,0
Aqui ❤❤❤❤,aqui ,Neutral,0
Hun 7d mouritani?,hun d mouritani,Neutral,0
Love this song 🥰🥰,love this song ,Neutral,0
I think I liked it better when Hailee Steinfield sang it,i think i liked it better when hailee steinfield sang it,Neutral,0
Why there is so many brazilians comments?😂,why there is so many brazilians comments,Neutral,0
